,Prot_A res_id,Prot_B res_id,Distance (Angstrom)
0,TYR-505,LYS-353,4.24
1,GLY-502,GLY-354,4.48
2,ASN-501,LYS-353,5.04
3,ASN-487,GLN-24,5.74
4,THR-500,ASP-355,5.89
5,TYR-505,GLY-354,6.07
6,ASN-501,GLY-354,6.09
7,GLN-493,HIS-34,6.17
8,TYR-489,LYS-31,6.21
9,PHE-486,MET-82,6.24
10,GLN-498,TYR-41,6.25
11,ASN-501,ASP-355,6.31
12,GLY-496,ASP-38,6.33
13,LEU-455,ASP-30,6.37
14,THR-500,ASN-330,6.43
15,GLY-502,LYS-353,6.45
16,GLY-446,GLN-42,6.48
17,PHE-486,LEU-79,6.61
18,GLN-493,GLU-35,6.61
19,TYR-489,THR-27,6.67
20,GLY-502,ASP-355,6.84
21,GLN-493,LYS-31,6.86
22,PHE-456,THR-27,6.89
23,LEU-455,HIS-34,7.09
24,ASN-501,TYR-41,7.09
25,PHE-456,ASP-30,7.1
26,GLN-498,LYS-353,7.11
27,GLY-496,LYS-353,7.17
28,GLY-504,GLY-354,7.23
29,THR-500,GLY-326,7.26
30,THR-500,TYR-41,7.33
31,TYR-505,GLY-352,7.42
32,ASN-501,GLY-352,7.43
33,PHE-486,TYR-83,7.45
34,LEU-455,LYS-31,7.47
35,ASN-487,THR-27,7.51
36,VAL-503,GLY-354,7.63
37,TYR-489,PHE-28,7.68
38,TYR-505,GLU-37,7.81
39,GLN-498,GLN-42,7.82
40,TYR-449,ASP-38,7.83
41,TYR-453,HIS-34,7.91
42,ASN-487,PHE-28,7.91
43,GLY-504,LYS-353,7.94
44,PHE-456,LYS-31,7.96
