,Prot_A res_id,Prot_H res_id,Distance (Angstrom)
0,GLY-485,TYR-52,4.44
1,GLU-484,SER-53,4.66
2,GLU-484,SER-56,5.3
3,TYR-489,SER-53,5.47
4,GLY-485,SER-53,5.55
5,GLY-476,ASP-100,5.62
6,GLU-484,GLY-54,5.64
7,ASN-487,ALA-98,5.72
8,GLY-485,SER-56,5.86
9,ASN-487,ASP-100,6.07
10,SER-477,ASP-100,6.12
11,ALA-475,ALA-98,6.17
12,PHE-486,TYR-52,6.3
13,ASN-487,GLY-97,6.32
14,PHE-486,TYR-33,6.58
15,PHE-486,ASP-100,7.05
16,GLY-485,TYR-58,7.11
17,GLY-485,TYR-33,7.14
18,PHE-486,GLY-97,7.15
19,ASN-487,TYR-33,7.16
20,ALA-475,LEU-99,7.19
21,THR-478,ASP-100,7.21
22,ALA-475,ASP-100,7.23
23,PHE-486,GLY-100,7.29
24,GLY-476,ALA-98,7.31
25,CYS-488,SER-53,7.32
26,GLY-476,GLY-100,7.34
27,ASN-487,LEU-99,7.36
28,GLU-484,TYR-52,7.48
29,PHE-486,LEU-95,7.48
30,TYR-489,LEU-99,7.77
31,PHE-486,GLY-100,7.86
32,CYS-488,TYR-52,7.96
